{
  "id3": {
    "test_accuracy": 0.8189379824327921,
    "precision": 0.6625623960066556,
    "recall": 0.5383991346673878,
    "f1": 0.594062360137252
  },
  "sklearn_dt": {
    "test_accuracy": 0.8263241948363056,
    "precision": 0.6796565389696169,
    "recall": 0.5565170362358032,
    "f1": 0.6119536128456735,
    "min_samples_leaf": 50
  }
}